<?xml version="1.0" encoding="UTF-8"?>
<!DOCTYPE configuration
        PUBLIC "-//mybatis.org//DTD Config 3.0//EN"
        "http://mybatis.org/dtd/mybatis-3-config.dtd">
<configuration>
	<environments default="mysql">
		<environment id="mysql">
			<transactionManager type="jdbc" />
			<dataSource type="POOLED">
				<property name="driver" value="com.mysql.jdbc.Driver"/>
				<property name="url" value="jdbc:mysql://localhost:3306/test2"/>
				<property name="username" value="root"/>
				<property name="password" value="123"/>
			</dataSource>
		</environment>
	</environments>
	<mappers>
		<!--<package name="com.znsd.dao"/> <mapper resource="com/znsd/dao/IUserMapper.xml"/> -->
		<package name="com.znsd.dao"/>
	</mappers>
</configuration>