<?xml version="1.0" encoding="UTF-8"?>
<!DOCTYPE mapper
        PUBLIC "-//mybatis.org//DTD Mapper 3.0//EN"
        "http://mybatis.org/dtd/mybatis-3-mapper.dtd">
<mapper namespace="com.znsd.dao.StudentMapper">
	<resultMap type="com.znsd.bean.MyStudent" id="mStu">
		<id property="sId" column="sId"/>
		<result property="sName" column="sName"/>
		<collection property="clsList" ofType="com.znsd.bean.MyClass" column="cId" select="com.znsd.dao.ClassMapper.findById" ></collection>
	</resultMap>
	
	<select id="findAll" resultMap="mStu">
		SELECT s.*,z.cId FROM myStudent s LEFT JOIN stu_cls z ON s.`sId` = z.`sId`
	</select>
	
	<select id="findById" resultType="com.znsd.bean.MyStudent" parameterType="java.lang.Integer">
		select * from MyStudent where sId = #{sId}
	</select>
</mapper>