<?xml version="1.0" encoding="UTF-8"?>
<beans xmlns="http://www.springframework.org/schema/beans"
	xmlns:xsi="http://www.w3.org/2001/XMLSchema-instance"
	xmlns:context="http://www.springframework.org/schema/context"
	xmlns:aop="http://www.springframework.org/schema/aop"
	xmlns:tx="http://www.springframework.org/schema/tx"
	xsi:schemaLocation="http://www.springframework.org/schema/beans
						http://www.springframework.org/schema/beans/spring-beans.xsd
						http://www.springframework.org/schema/context
						http://www.springframework.org/schema/context/spring-context.xsd
						http://www.springframework.org/schema/aop
						http://www.springframework.org/schema/aop/spring-aop.xsd
						http://www.springframework.org/schema/tx
						http://www.springframework.org/schema/tx/spring-tx.xsd">
	<context:property-placeholder
		location="classpath:AliPayConfig.properties" />
	<bean id="alipayRequest"
		class="com.alipay.api.request.AlipayTradePagePayRequest">
		<property name="returnUrl" value="${return_url}"></property>
		<property name="notifyUrl" value="${notify_url}"></property>
	</bean>

	<bean id="alipayClient" class="com.alipay.api.DefaultAlipayClient">
		<constructor-arg name="serverUrl" value="${gatewayUrl}" />
		<constructor-arg name="appId" value="${app_id}" />
		<constructor-arg name="privateKey" value="${merchant_private_key}" />
		<constructor-arg name="format" value="${format}" />
		<constructor-arg name="charset" value="${charset}"/>
		<constructor-arg name="alipayPulicKey" value="${alipay_public_key}"/>
		<constructor-arg name="signType" value="${sign_type}"/>
	</bean>
</beans>