<?xml version="1.0" encoding="UTF-8"?>
<beans xmlns="http://www.springframework.org/schema/beans"
	xmlns:xsi="http://www.w3.org/2001/XMLSchema-instance"
	xmlns:context="http://www.springframework.org/schema/context"
	xmlns:aop="http://www.springframework.org/schema/aop"
	xmlns:tx="http://www.springframework.org/schema/tx"
	xmlns:mvc="http://www.springframework.org/schema/mvc"
	xsi:schemaLocation="http://www.springframework.org/schema/beans
        http://www.springframework.org/schema/beans/spring-beans.xsd
        http://www.springframework.org/schema/context
        http://www.springframework.org/schema/context/spring-context.xsd
        http://www.springframework.org/schema/aop
        http://www.springframework.org/schema/aop/spring-aop.xsd
        http://www.springframework.org/schema/tx
        http://www.springframework.org/schema/tx/spring-tx.xsd
        http://www.springframework.org/schema/mvc
        http://www.springframework.org/schema/mvc/spring-mvc.xsd">
    <!-- 内容 -->
    <!-- 扫描com.znsd下所有声明注解的bean,将这些bean装载到spring容器中 -->
	<context:component-scan base-package="com.znsd.pay.controller" />
    <!-- 配置视图解析器 -->
    <bean name="internalResourceViewResolver"
		class="org.springframework.web.servlet.view.InternalResourceViewResolver">
        <!-- prefix 配置资源路径 /则是webContext下 -->
		<property name="prefix" value="/"></property>
         <!-- suffix 配置资源后缀 -->
		<property name="suffix" value=".jsp"></property>
	</bean>
    <!-- 配置该标签就相当于配置了映射器与适配器 -->
	<mvc:annotation-driven />
</beans>