<?xml version="1.0" encoding="UTF-8"?>
<!DOCTYPE mapper
        PUBLIC "-//mybatis.org//DTD Mapper 3.0//EN"
        "http://mybatis.org/dtd/mybatis-3-mapper.dtd">
<mapper namespace="com.znsd.dao.RoleMapper">
	<resultMap type="com.znsd.bean.Role" id="role">
		<id property="roleId" column="roleId"/>
		<result property="roleName" column="roleName"/>
		<collection property="userList" ofType="com.znsd.bean.User">
			<id property="userId" column="userId"/>
			<result property="userName" column="userName" />
		</collection>
	</resultMap>
	<select id="findAll" resultMap="role">
		SELECT r1.*,u.* FROM role r1 
		LEFT JOIN role_user r2 ON r1.`roleId` = r2.`rId` 
		LEFT JOIN USER u ON r2.`uId` = u.`userId`
	</select>
</mapper>