<?xml version="1.0" encoding="UTF-8"?>
<!DOCTYPE mapper
        PUBLIC "-//mybatis.org//DTD Mapper 3.0//EN"
        "http://mybatis.org/dtd/mybatis-3-mapper.dtd">
<mapper namespace="com.znsd.dao.UserMapper">
	<resultMap type="com.znsd.bean.User" id="user">
		<id property="userId" column="userId"/>
		<result property="userName" column="userName"/>
		<collection property="roleList" ofType="com.znsd.bean.Role">
			<id property="roleId" column="roleId"/>
			<result property="roleName" column="roleName"/>
		</collection>
	</resultMap>
	<select id="findAll" resultMap="user">
		SELECT u.*,r1.* FROM USER u LEFT JOIN role_user r2 ON r2.`uId` = u.`userId` LEFT JOIN role r1 ON r1.`roleId` = r2.`rId`
	</select>
</mapper>